{
    "version_number": "", 
    "mat_file_size": 529771, 
    "PCC_times": {}, 
    "version": "1.9.2 Beta1", 
    "mo_file_size": 0, 
    "exec_times": {
        "total_time": 7.117999792098999, 
        "translation_time": 2.2769999504089355, 
        "load_mat_time": 0.0, 
        "simulation_time": 1.0219998359680176, 
        "make_time": 3.819000005722046, 
        "compilation_time": 6.0959999561309814, 
        "post_scripts_time": 0
    }, 
    "tool_name": "OpenModelica"
}