{
    "version_number": "", 
    "mat_file_size": 529771, 
    "PCC_times": {}, 
    "version": "1.9.2 Beta1", 
    "mo_file_size": 0, 
    "exec_times": {
        "total_time": 9.388999938964844, 
        "translation_time": 2.7120001316070557, 
        "load_mat_time": 0.0, 
        "simulation_time": 1.0209999084472656, 
        "make_time": 5.6559998989105225, 
        "compilation_time": 8.368000030517578, 
        "post_scripts_time": 0
    }, 
    "tool_name": "OpenModelica"
}